{"is_source_file": false, "format": "", "description": "", "external_files": [], "external_methods": [], "published": [], "classes": [], "methods": [], "calls": [], "search-terms": [], "state": 2, "file_id": 12, "knowledge_revision": 20, "git_revision": "6f73e20f3f76640f748963e207553c237b0a24a5", "hash": "ef66716e223ba3dbbeade962a2c147a4", "format-version": 4, "code-base-name": "snake_and_ladder_frontend", "filename": "README.md", "revision_history": [{"20": "6f73e20f3f76640f748963e207553c237b0a24a5"}]}