{"is_source_file": false, "format": "", "description": "", "external_files": [], "external_methods": [], "published": [], "classes": [], "methods": [], "calls": [], "search-terms": [], "state": 2, "file_id": 10, "knowledge_revision": 19, "git_revision": "620e8a2b7a87c91cf2463a7e21676c1aa321d4ae", "hash": "d001d53c059625c4bcf75bf5a7f3fcf0", "format-version": 4, "code-base-name": "snake_and_ladder_frontend", "filename": "snake_and_ladder_frontend/package.json", "revision_history": [{"19": "620e8a2b7a87c91cf2463a7e21676c1aa321d4ae"}]}