{"is_source_file": false, "format": "", "description": "", "external_files": [], "external_methods": [], "published": [], "classes": [], "methods": [], "calls": [], "search-terms": [], "state": 2, "file_id": 3, "knowledge_revision": 10, "git_revision": "620e8a2b7a87c91cf2463a7e21676c1aa321d4ae", "hash": "be6538e7523bc2e9da0743133d784136", "format-version": 4, "code-base-name": "snake_and_ladder_frontend", "filename": "snake_and_ladder_frontend/eslint.config.mjs", "revision_history": [{"10": "620e8a2b7a87c91cf2463a7e21676c1aa321d4ae"}]}