{"is_source_file": false, "format": "", "description": "", "external_files": [], "external_methods": [], "published": [], "classes": [], "methods": [], "calls": [], "search-terms": [], "state": 2, "file_id": 1, "knowledge_revision": 14, "git_revision": "620e8a2b7a87c91cf2463a7e21676c1aa321d4ae", "hash": "d2b40d02d5f7873d8a6713bad837edd4", "format-version": 4, "code-base-name": "snake_and_ladder_frontend", "filename": "snake_and_ladder_frontend/public/index.html", "revision_history": [{"14": "620e8a2b7a87c91cf2463a7e21676c1aa321d4ae"}]}