{"is_source_file": true, "format": "JavaScript (React JSX)", "description": "React component 'App' implementing a theme toggle (light/dark mode) with some UI elements.", "external_files": ["./logo.svg", "./App.css"], "external_methods": ["React.useState", "React.useEffect"], "published": ["App"], "classes": [], "methods": [{"name": "App()", "description": "React functional component managing theme state and rendering UI.", "scope": "", "scopeKind": ""}, {"name": "toggleTheme", "description": "Function to toggle theme between 'light' and 'dark'."}], "calls": ["React.useState", "React.useEffect", "document.documentElement.setAttribute", "setTheme", "prevTheme => prevTheme === 'light' ? 'dark' : 'light'"], "search-terms": ["React theme toggle", "useState hook", "useEffect React", "App component", "light dark mode toggle"], "state": 2, "file_id": 8, "knowledge_revision": 25, "git_revision": "620e8a2b7a87c91cf2463a7e21676c1aa321d4ae", "ctags": [{"_type": "tag", "name": "App", "path": "/home/kavia/workspace/code-generation/classic-snake-and-ladder-game-203159-203168/snake_and_ladder_frontend/src/App.js", "pattern": "/^function App() {$/", "language": "JavaScript", "kind": "function", "signature": "()"}, {"_type": "tag", "name": "Switch to ${theme === 'light' ? 'dark' : 'light'} mode", "path": "/home/kavia/workspace/code-generation/classic-snake-and-ladder-game-203159-203168/snake_and_ladder_frontend/src/App.js", "pattern": "/^          aria-label={`Switch to ${theme === 'light' ? 'dark' : 'light'} mode`}$/", "language": "JavaScript", "kind": "field", "scope": "App.aria", "scopeKind": "class"}, {"_type": "tag", "name": "toggleTheme", "path": "/home/kavia/workspace/code-generation/classic-snake-and-ladder-game-203159-203168/snake_and_ladder_frontend/src/App.js", "pattern": "/^          onClick={toggleTheme}$/", "language": "JavaScript", "kind": "field", "scope": "App.onClick", "scopeKind": "class"}], "hash": "b55dd9e6a018e59207d8e277dffd9e11", "format-version": 4, "code-base-name": "snake_and_ladder_frontend", "filename": "snake_and_ladder_frontend/src/App.js", "fields": [{"name": "aria-label={`Switch to ${theme === 'light' ? 'dark' : 'light'} mode`}", "scope": "App.aria", "scopeKind": "class", "description": "unavailable"}, {"name": "onClick={toggleTheme}", "scope": "App.onClick", "scopeKind": "class", "description": "unavailable"}], "revision_history": [{"25": "620e8a2b7a87c91cf2463a7e21676c1aa321d4ae"}]}