{"is_source_file": false, "format": "", "description": "", "external_files": [], "external_methods": [], "published": [], "classes": [], "methods": [], "calls": [], "search-terms": [], "state": 2, "file_id": 2, "knowledge_revision": 11, "git_revision": "620e8a2b7a87c91cf2463a7e21676c1aa321d4ae", "hash": "d9d975cebe2ec20b6c652e1e4c12ccf0", "format-version": 4, "code-base-name": "snake_and_ladder_frontend", "filename": "snake_and_ladder_frontend/public/manifest.json", "revision_history": [{"11": "620e8a2b7a87c91cf2463a7e21676c1aa321d4ae"}]}