{"is_source_file": false, "format": "", "description": "", "external_files": [], "external_methods": [], "published": [], "classes": [], "methods": [], "calls": [], "search-terms": [], "state": 2, "file_id": 6, "knowledge_revision": 22, "git_revision": "620e8a2b7a87c91cf2463a7e21676c1aa321d4ae", "ctags": [], "hash": "1a77571e1a8cf36018a41bcedf60db75", "format-version": 4, "code-base-name": "snake_and_ladder_frontend", "filename": "snake_and_ladder_frontend/src/setupTests.js", "revision_history": [{"22": "620e8a2b7a87c91cf2463a7e21676c1aa321d4ae"}]}