{"is_source_file": true, "format": "JavaScript (React JSX)", "description": "This file initializes the React app by rendering the main 'App' component into the DOM element with id 'root'. It imports necessary modules, including React, ReactDOM, CSS styles, and the main App component.", "external_files": ["./App", "./index.css"], "external_methods": ["ReactDOM.createRoot", "root.render"], "published": [], "classes": [], "methods": [{"name": "ReactDOM.createRoot", "description": "Creates a root for rendering React components into the DOM"}, {"name": "root.render", "description": "Renders the React component tree into the root DOM node"}], "calls": ["ReactDOM.createRoot", "root.render", "<React.StrictMode>", "<App />"], "search-terms": ["React", "ReactDOM", "render", "index.js", "createRoot", "App component", "StrictMode"], "state": 2, "file_id": 5, "knowledge_revision": 24, "git_revision": "620e8a2b7a87c91cf2463a7e21676c1aa321d4ae", "ctags": [{"_type": "tag", "name": "root", "path": "/home/kavia/workspace/code-generation/classic-snake-and-ladder-game-203159-203168/snake_and_ladder_frontend/src/index.js", "pattern": "/^const root = ReactDOM.createRoot(document.getElementById('root'));$/", "language": "JavaScript", "kind": "constant"}], "hash": "9fc5841375336fc175b49f8767a11383", "format-version": 4, "code-base-name": "snake_and_ladder_frontend", "filename": "snake_and_ladder_frontend/src/index.js", "revision_history": [{"24": "620e8a2b7a87c91cf2463a7e21676c1aa321d4ae"}]}