{"is_source_file": false, "format": null, "description": "", "external_files": [], "external_methods": [], "published": [], "classes": [], "methods": [], "calls": [], "search-terms": ["CSS Variables", "Theme Management", "dark mode", "App-header", "theme-toggle", "responsive design", "media queries", "CSS variables"], "state": 2, "file_id": 7, "knowledge_revision": 12, "git_revision": "620e8a2b7a87c91cf2463a7e21676c1aa321d4ae", "hash": "22f9e17cc1848b56dbb244518ac2707e", "format-version": 4, "code-base-name": "snake_and_ladder_frontend", "filename": "snake_and_ladder_frontend/src/App.css", "revision_history": [{"12": "620e8a2b7a87c91cf2463a7e21676c1aa321d4ae"}]}