{"is_source_file": false, "format": "", "description": "", "external_files": [], "external_methods": [], "published": [], "classes": [], "methods": [], "calls": [], "search-terms": [], "state": 2, "file_id": 9, "knowledge_revision": 18, "git_revision": "620e8a2b7a87c91cf2463a7e21676c1aa321d4ae", "hash": "6c2104b8d219ed99234ae2d6329f4357", "format-version": 4, "code-base-name": "snake_and_ladder_frontend", "filename": "snake_and_ladder_frontend/src/index.css", "revision_history": [{"18": "620e8a2b7a87c91cf2463a7e21676c1aa321d4ae"}]}