{"is_source_file": false, "format": "", "description": "", "external_files": [], "external_methods": [], "published": [], "classes": [], "methods": [], "calls": [], "search-terms": [], "state": 2, "file_id": 11, "knowledge_revision": 21, "git_revision": "620e8a2b7a87c91cf2463a7e21676c1aa321d4ae", "hash": "ebece526bc2eadd78ddd787a76c56607", "format-version": 4, "code-base-name": "snake_and_ladder_frontend", "filename": "snake_and_ladder_frontend/README.md", "revision_history": [{"21": "620e8a2b7a87c91cf2463a7e21676c1aa321d4ae"}]}